{"cameraMode":{"drawMode":0,"name":"Shaded","section":"Shading Mode"},"sceneLighting":false,"audioPlay":false,"sceneViewState":{"showFog":true,"showMaterialUpdate":true,"showSkybox":false,"showFlares":true,"showImageEffects":true,"showParticleSystems":true},"in2DMode":false,"pivot":{"x":-0.026635020971298219,"y":0.13021904230117799,"z":0.10724011808633805},"rotation":{"x":-0.04678177461028099,"y":-0.021888935938477517,"z":0.0009971773251891137,"w":-0.9986820816993713},"size":1.5145061016082764,"orthographic":false}