{"cameraMode":{"drawMode":0,"name":"Shaded","section":"Shading Mode"},"sceneLighting":false,"audioPlay":false,"sceneViewState":{"showFog":true,"showMaterialUpdate":true,"showSkybox":false,"showFlares":true,"showImageEffects":true,"showParticleSystems":true},"in2DMode":false,"pivot":{"x":-0.002427801489830017,"y":-0.006270714104175568,"z":0.01788724958896637},"rotation":{"x":-0.11692703515291214,"y":0.6743594408035278,"z":-0.10938818007707596,"w":-0.7208381295204163},"size":0.4555991291999817,"orthographic":false}