{"cameraMode":{"drawMode":0,"name":"Shaded","section":"Shading Mode"},"sceneLighting":false,"audioPlay":false,"sceneViewState":{"showFog":true,"showMaterialUpdate":true,"showSkybox":false,"showFlares":true,"showImageEffects":true,"showParticleSystems":true},"in2DMode":false,"pivot":{"x":0.1428547203540802,"y":-113.10751342773438,"z":-0.037100497633218768},"rotation":{"x":-0.04075239598751068,"y":-0.04734615981578827,"z":0.0019333160016685725,"w":-0.9980481863021851},"size":868115.3125,"orthographic":false}