{"cameraMode":{"drawMode":0,"name":"Shaded","section":"Shading Mode"},"sceneLighting":false,"audioPlay":false,"sceneViewState":{"showFog":true,"showMaterialUpdate":true,"showSkybox":false,"showFlares":true,"showImageEffects":true,"showParticleSystems":true},"in2DMode":false,"pivot":{"x":0.0012742765247821808,"y":0.0009312792681157589,"z":-0.018821636214852334},"rotation":{"x":0.014156678691506386,"y":-0.9599830508232117,"z":0.27533337473869326,"w":0.0495993047952652},"size":0.0368657112121582,"orthographic":false}