{"cameraMode":{"drawMode":0,"name":"Shaded","section":"Shading Mode"},"sceneLighting":true,"audioPlay":false,"sceneViewState":{"showFog":true,"showMaterialUpdate":true,"showSkybox":true,"showFlares":true,"showImageEffects":true,"showParticleSystems":true},"in2DMode":false,"pivot":{"x":0.003017781302332878,"y":0.012024860829114914,"z":0.04238588735461235},"rotation":{"x":-0.02820347063243389,"y":-0.9450543522834778,"z":0.31455254554748537,"w":-0.08469284325838089},"size":0.06546220183372498,"orthographic":false}