{"cameraMode":{"drawMode":0,"name":"Shaded","section":"Shading Mode"},"sceneLighting":false,"audioPlay":false,"sceneViewState":{"showFog":true,"showMaterialUpdate":true,"showSkybox":false,"showFlares":true,"showImageEffects":true,"showParticleSystems":true},"in2DMode":false,"pivot":{"x":0.0,"y":0.011341400444507599,"z":-0.055694580078125},"rotation":{"x":-0.13423924148082734,"y":-0.7454558610916138,"z":0.1579604148864746,"w":-0.633507251739502},"size":0.25285446643829348,"orthographic":false}