{"cameraMode":{"drawMode":0,"name":"Shaded","section":"Shading Mode"},"sceneLighting":false,"audioPlay":false,"sceneViewState":{"showFog":true,"showMaterialUpdate":true,"showSkybox":false,"showFlares":true,"showImageEffects":true,"showParticleSystems":true},"in2DMode":false,"pivot":{"x":0.0,"y":0.011557122692465783,"z":0.0686037689447403},"rotation":{"x":-0.2187689244747162,"y":-0.6284423470497131,"z":0.19049078226089478,"w":-0.7217490673065186},"size":0.6545418500900269,"orthographic":false}