{"cameraMode":{"drawMode":0,"name":"Shaded","section":"Shading Mode"},"sceneLighting":false,"audioPlay":false,"sceneViewState":{"showFog":true,"showMaterialUpdate":true,"showSkybox":false,"showFlares":true,"showImageEffects":true,"showParticleSystems":true},"in2DMode":false,"pivot":{"x":-0.04496754705905914,"y":0.050009310245513919,"z":0.0006549999816343188},"rotation":{"x":-0.1660355180501938,"y":0.005027334205806255,"z":-0.0008425533305853605,"w":-0.986110508441925},"size":0.22221611440181733,"orthographic":false}