{"cameraMode":{"drawMode":0,"name":"Shaded","section":"Shading Mode"},"sceneLighting":false,"audioPlay":false,"sceneViewState":{"showFog":true,"showMaterialUpdate":true,"showSkybox":false,"showFlares":true,"showImageEffects":true,"showParticleSystems":true},"in2DMode":false,"pivot":{"x":-0.017825905233621599,"y":-0.001123490510508418,"z":0.0006799083203077316},"rotation":{"x":-0.001963322516530752,"y":-0.8651736378669739,"z":0.5014833807945252,"w":-0.003362608142197132},"size":0.22831207513809205,"orthographic":false}