{"cameraMode":{"drawMode":0,"name":"Shaded","section":"Shading Mode"},"sceneLighting":false,"audioPlay":false,"sceneViewState":{"showFog":true,"showMaterialUpdate":true,"showSkybox":false,"showFlares":true,"showImageEffects":true,"showParticleSystems":true},"in2DMode":false,"pivot":{"x":-2.6146483421325685,"y":-1.146195650100708,"z":-0.8490431308746338},"rotation":{"x":-0.24316690862178803,"y":-0.6322125792503357,"z":0.21888858079910279,"w":-0.7023335695266724},"size":1.108476996421814,"orthographic":false}