{"cameraMode":{"drawMode":0,"name":"Shaded","section":"Shading Mode"},"sceneLighting":false,"audioPlay":false,"sceneViewState":{"showFog":true,"showMaterialUpdate":true,"showSkybox":false,"showFlares":true,"showImageEffects":true,"showParticleSystems":true},"in2DMode":false,"pivot":{"x":111.40264892578125,"y":1112.266357421875,"z":546.9605102539063},"rotation":{"x":-0.3349469006061554,"y":-0.0615648552775383,"z":0.021938135847449304,"w":-0.9399711489677429},"size":1.5478461980819703,"orthographic":false}