{"cameraMode":{"drawMode":0,"name":"Shaded","section":"Shading Mode"},"sceneLighting":false,"audioPlay":false,"sceneViewState":{"showFog":true,"showMaterialUpdate":true,"showSkybox":true,"showFlares":true,"showImageEffects":true,"showParticleSystems":true},"in2DMode":false,"pivot":{"x":-0.0713999941945076,"y":0.1754000037908554,"z":-0.15959997475147248},"rotation":{"x":-0.021242067217826844,"y":-0.07880506664514542,"z":0.0016654838109388948,"w":-0.9966840744018555},"size":0.10943974554538727,"orthographic":false}