{"cameraMode":{"drawMode":0,"name":"Shaded","section":"Shading Mode"},"sceneLighting":false,"audioPlay":false,"sceneViewState":{"showFog":true,"showMaterialUpdate":true,"showSkybox":false,"showFlares":true,"showImageEffects":true,"showParticleSystems":true},"in2DMode":false,"pivot":{"x":0.1528479903936386,"y":0.12689416110515595,"z":-0.09717735648155213},"rotation":{"x":-0.2198597490787506,"y":-0.7383622527122498,"z":0.28452664613723757,"w":-0.570560097694397},"size":2.1912343502044679,"orthographic":false}