{"cameraMode":{"drawMode":0,"name":"Shaded","section":"Shading Mode"},"sceneLighting":false,"audioPlay":false,"sceneViewState":{"showFog":true,"showMaterialUpdate":true,"showSkybox":false,"showFlares":true,"showImageEffects":true,"showParticleSystems":true},"in2DMode":false,"pivot":{"x":0.0,"y":1.1794910430908204,"z":-0.6722548007965088},"rotation":{"x":-0.24316690862178803,"y":-0.6322125792503357,"z":0.21888858079910279,"w":-0.7023335695266724},"size":22.16954231262207,"orthographic":false}