{"cameraMode":{"drawMode":0,"name":"Shaded","section":"Shading Mode"},"sceneLighting":false,"audioPlay":false,"sceneViewState":{"showFog":true,"showMaterialUpdate":true,"showSkybox":false,"showFlares":true,"showImageEffects":true,"showParticleSystems":true},"in2DMode":false,"pivot":{"x":0.07320000231266022,"y":0.030000006780028344,"z":0.03869999945163727},"rotation":{"x":-0.0027864831499755384,"y":0.8725825548171997,"z":-0.4884413480758667,"w":-0.0049710627645254139},"size":0.22187493741512299,"orthographic":false}